<file>
<doc>
Eersame	ADJ	eerzaam
descrete	ADJ	discreet
Jacob	NEPER	Jacob
Heijndericksz	NEPER	Heijndericksz
Schippr.	NOU	schipper
opt	ADP_ART	op_het
aelschip	NOU	aalschip
Jnde	ADP_ART	in_de
Sond	NELOC	Sont
7	NUM	zeven
stuiver	NOU	stuiver
prt.	NOU	port
Saerdam	NELOC	Zaandam
den	ART	de
1	NUM	eerste
novembr.	NOU	november
ano.	ADV	anno
1664	NUM	zestienhonderdvierenzestig
Eersame	ADJ	eerzaam
goedevrient	ADJ_NOU	goed_vriend
Schipr.	NOU	schipper
Jacob	NEPER	Jacob
Heijndericksz	NEPER	Heijndericksz
vl	PRN	ul.
schrijvens	NOU	schrijven
uijt	ADP	uit
desond	NELOC	De Sond
wel	ADV	wel
ontfangen	VRB	ontvangen
verstaen	VRB	verstaan
aldaerwel	ADV_ADV	aldaar_wel
geariveertwaert	VRB_VRB	arriveren_zijn
dat	PRN	dat
ons	PRN	wij
lieff	ADJ	lief
is	VRB	zijn
maerleet	CON_ADJ	maar_leed
Claes	NEPER	Claas
Jansz	NEPER	Jansz
Joor	NEPER	Joor
niet	ADV	niet
wel	ADV	wel
tepas	ADP_NOU	te_pas
was,	VRB	zijn
zijn	PRN	zijn
vriende	NOU	vriend
als	CON	als
wij	PRN	wij
zijn	VRB	zijn
bekomert	ADJ	bekommerd
versoecke	VRB	verzoeken
teweten	ADP_VRB	te_weten
wadt	PRN	wat
hem	PRN	hij
deert	VRB	deren
alsoo	CON	alzo
vl	PRN	ul.
seght	VRB	zeggen
geen	PRN	geen
sieckt	NOU	ziekte
schijnt	VRB	schijnen
tewesen	ADP_VRB	te_wezen
gelieft	VRB	gelieven
oock	ADV	ook
tegedencke	ADP_VRB	te_gedenken
hoet	ADV_PRN	hoe_het
met	ADP	met
devisserij	ART_NOU	de_visserij
gaedt,	VRB	gaan
desake	ART_NOU	de_zaak
met	ADP	met
Engelant	NELOC	Engeland
nogh	ADV	nog
als	CON	als
vooren,	ADV	voren
dogh	CON	doch
de	ART	de
Engelse	NOU	Engelse
hebben	VRB	hebben
nu	ADV	nu
nederlant	NELOC	Nederland
ingenoomen,	VRB	innemen
en	CON	en
men	PRN	men
seght	VRB	zeggen
de	NEPER	De Ruyter
Ruijter	NEPER	De Ruyter
met	ADP	met
zijn	PRN	zijn
exquader	NOU	eskader
na	ADP	naar
Genee	NELOC	Guinee
is,	VRB	zijn
hieris	ADV_VRB	hier_zijn
gestorven	VRB	sterven
vl	PRN	ul.
broeder	NOU	broeder
Tieleman	NEPER	Tieleman
Heijndericksz,	NEPER	Heijndericksz
oock	ADV	ook
mijn	PRN	mijn
oom	NOU	oom
dirck	NEPER	Dirk
meijndersz,	NEPER	Meijndersz
mede	ADV	mede
Claes	NEPER	Claas
walix<uncertain>s</uncertain>	NEPER	Walixs
als	CON	alsmede
mede	CON	alsmede
pietter	NEPER	Pieter
Jansz	NEPER	Jansz
kegh,	NEPER	Kegh
soo	CON	zo
veranderingh	NOU	verandering
met	ADP	met
de	ART	de
Engelse	ADJ	Engels
teniju	ADP_ADV	te_juist
<uncertain>i</uncertain>ste	ADP_ADV	te_juist
versta<uncertain>en</uncertain>	VRB	verstaan
sal	VRB	zullen
vl	PRN	ul.
sulckx	PRN	zulks
gedencke	VRB	gedenken
blijft	VRB	blijven
Godt	NEPER	God
bevolen	VRB	bevelen
gegroet	VRB	groeten
van	ADP	van
ons	PRN	wij
vl.	PRN	ul.
d.	ADJ	dienstwillig
w.	ADJ	dienstwillig
vriend	NOU	vriend
Janpietters	NEPER_NEPER	Jan_Pietersz
gijsen	NEPER	Gijsen
ende	CON	en
meijndert	NEPER	Meindert
Aertsz	NEPER	Aertsz
</doc>
</file>
